{
    "chinaLocation": {
        "山东省": [
            117.000923,
            36.675807
        ],
        "河北省": [
            115.48333,
            38.03333
        ],
        "吉林省": [
            125.35,
            43.88333
        ],
        "黑龙江省": [
            127.63333,
            47.75
        ],
        "辽宁省": [
            123.38333,
            41.8
        ],
        "内蒙古自治区": [
            111.670801,
            41.818311
        ],
        "新疆维吾尔自治区": [
            87.68333,
            43.76667
        ],
        "甘肃省": [
            103.73333,
            36.03333
        ],
        "宁夏回族自治区": [
            106.26667,
            37.46667
        ],
        "山西省": [
            112.53333,
            37.86667
        ],
        "陕西省": [
            108.95,
            34.26667
        ],
        "河南省": [
            113.65,
            34.76667
        ],
        "安徽省": [
            117.283042,
            31.86119
        ],
        "江苏省": [
            119.78333,
            32.05
        ],
        "浙江省": [
            120.2,
            30.26667
        ],
        "福建省": [
            118.3,
            26.08333
        ],
        "广东省": [
            113.23333,
            23.16667
        ],
        "江西省": [
            115.9,
            28.68333
        ],
        "海南省": [
            110.35,
            20.01667
        ],
        "广西壮族自治区": [
            108.320004,
            22.82402
        ],
        "贵州省": [
            106.71667,
            26.56667
        ],
        "湖南省": [
            113,
            28.21667
        ],
        "湖北省": [
            114.298572,
            30.584355
        ],
        "四川省": [
            104.06667,
            30.66667
        ],
        "云南省": [
            102.73333,
            25.05
        ],
        "西藏自治区": [
            91,
            30.6
        ],
        "青海省": [
            96.75,
            36.56667
        ],
        "天津市": [
            117.2,
            39.13333
        ],
        "上海市": [
            121.55333,
            31.2
        ],
        "重庆市": [
            106.45,
            29.56667
        ],
        "北京市": [
            116.41667,
            39.91667
        ],
        "台湾": [
            121.3,
            25.03
        ],
        "香港": [
            114.1,
            22.2
        ],
        "澳门": [
            113.5,
            22.2
        ]
    }
}