{"山东":[117.000923,36.675807],"河北":[115.48333,38.03333],"吉林":[125.35,43.88333],"黑龙江":[127.63333,47.75],"辽宁":[123.38333,41.8],"内蒙古":[111.670801,41.818311],"新疆":[87.68333,43.76667],"甘肃":[103.73333,36.03333],"宁夏":[106.26667,37.46667],"山西":[112.53333,37.86667],"陕西":[108.95,34.26667],"河南":[113.65,34.76667],"安徽":[117.283042,31.86119],"江苏":[119.78333,32.05],"浙江":[120.2,30.26667],"福建":[118.3,26.08333],"广东":[113.23333,23.16667],"江西":[115.9,28.68333],"海南":[110.35,20.01667],"广西":[108.320004,22.82402],"贵州":[106.71667,26.56667],"湖南":[113,28.21667],"湖北":[114.298572,30.584355],"四川":[104.06667,30.66667],"云南":[102.73333,25.05],"西藏":[91,30.6],"青海":[96.75,36.56667],"天津":[117.2,39.13333],"上海":[121.55333,31.2],"重庆":[106.45,29.56667],"北京":[116.41667,39.91667],"台湾":[121.3,25.03],"香港":[114.1,22.2],"澳门":[113.5,22.2]}